{
  "DODECAHEDRON_VERTICES": [
    [
      0.0,
      0.9341723589627163,
      0.3568220897730903
    ],
    [
      0.0,
      0.9341723589627163,
      -0.3568220897730903
    ],
    [
      0.0,
      -0.9341723589627163,
      0.3568220897730903
    ],
    [
      0.0,
      -0.9341723589627163,
      -0.3568220897730903
    ],
    [
      0.5773502691896261,
      0.5773502691896261,
      0.5773502691896261
    ],
    [
      0.3568220897730903,
      0.0,
      0.9341723589627163
    ],
    [
      0.5773502691896261,
      -0.5773502691896261,
      0.5773502691896261
    ],
    [
      -0.5773502691896261,
      0.5773502691896261,
      0.5773502691896261
    ],
    [
      -0.5773502691896261,
      -0.5773502691896261,
      0.5773502691896261
    ],
    [
      -0.3568220897730903,
      0.0,
      0.9341723589627163
    ],
    [
      0.5773502691896261,
      0.5773502691896261,
      -0.5773502691896261
    ],
    [
      0.5773502691896261,
      -0.5773502691896261,
      -0.5773502691896261
    ],
    [
      0.9341723589627163,
      0.3568220897730903,
      0.0
    ],
    [
      0.9341723589627163,
      -0.3568220897730903,
      0.0
    ],
    [
      0.3568220897730903,
      0.0,
      -0.9341723589627163
    ],
    [
      -0.5773502691896261,
      0.5773502691896261,
      -0.5773502691896261
    ],
    [
      -0.5773502691896261,
      -0.5773502691896261,
      -0.5773502691896261
    ],
    [
      -0.9341723589627163,
      0.3568220897730903,
      0.0
    ],
    [
      -0.9341723589627163,
      -0.3568220897730903,
      0.0
    ],
    [
      -0.3568220897730903,
      0.0,
      -0.9341723589627163
    ]
  ],
  "DODECAHEDRON_FACES": [
    [
      15,
      16,
      17,
      18,
      19
    ],
    [
      3,
      11,
      14,
      16,
      19
    ],
    [
      1,
      10,
      14,
      15,
      19
    ],
    [
      7,
      8,
      9,
      17,
      18
    ],
    [
      2,
      3,
      8,
      16,
      18
    ],
    [
      0,
      1,
      7,
      15,
      17
    ],
    [
      10,
      11,
      12,
      13,
      14
    ],
    [
      4,
      5,
      6,
      12,
      13
    ],
    [
      2,
      3,
      6,
      11,
      13
    ],
    [
      0,
      1,
      4,
      10,
      12
    ],
    [
      2,
      5,
      6,
      8,
      9
    ],
    [
      0,
      4,
      5,
      7,
      9
    ]
  ],
  "VERTEX_ADJACENCY": [
    [
      1,
      4,
      9,
      12,
      17
    ],
    [
      0,
      4,
      7,
      10,
      19
    ],
    [
      3,
      5,
      9,
      13,
      18
    ],
    [
      2,
      6,
      8,
      11,
      19
    ],
    [
      0,
      1,
      5,
      10,
      13
    ],
    [
      2,
      4,
      6,
      7
    ],
    [
      3,
      5,
      8,
      11,
      12
    ],
    [
      1,
      5,
      8,
      9,
      15,
      18
    ],
    [
      3,
      6,
      7,
      9,
      16
    ],
    [
      0,
      2,
      7,
      8,
      17
    ],
    [
      1,
      4,
      11,
      12,
      14
    ],
    [
      3,
      6,
      10,
      12,
      13,
      14
    ],
    [
      0,
      6,
      10,
      11,
      13
    ],
    [
      2,
      4,
      11,
      12,
      14
    ],
    [
      10,
      11,
      13,
      15,
      16
    ],
    [
      7,
      14,
      16,
      17,
      19
    ],
    [
      8,
      14,
      15,
      17,
      18,
      19
    ],
    [
      0,
      9,
      15,
      16,
      18
    ],
    [
      2,
      7,
      16,
      17,
      19
    ],
    [
      1,
      3,
      15,
      16,
      18
    ]
  ],
  "FACE_ADJACENCY": [
    [
      2,
      3
    ],
    [],
    [
      0,
      6
    ],
    [
      0,
      10
    ],
    [
      8
    ],
    [
      9
    ],
    [
      2,
      7
    ],
    [
      6,
      10,
      11
    ],
    [
      4
    ],
    [
      5
    ],
    [
      3,
      7
    ],
    [
      7
    ]
  ]
}